Record_Id,Device_Id,Data_Length,AC_Input_0,AC_Input_1,AC_Input_2,T1,T2,T3,T4,T5,T6,T7,PCB_NTC,Flow_1,Flow_2,Output_Flag_1,Output_Flag_2,Output_Flag_3,Fan_Tach,Stepper_Position,Flow_Rate,Time_stamp
327677095pr85bd000,095pr85bd000,77,1,2,3,2551,2546,4318,3481,2543,2546,-4501,2860,0,0,0,0,0,0,0,0,2026-05-16 10:47:32.327677+00:00
655451095pr85bd000,095pr85bd000,77,1,2,3,2551,2546,4318,3481,2543,2546,-4501,2860,0,0,0,0,0,0,0,0,2026-05-16 10:47:41.655451+00:00
208977095pr85bd000,095pr85bd000,77,1,2,3,2551,2546,4318,3481,2543,2546,-4501,2860,0,0,0,0,0,0,0,0,2026-05-16 10:47:51.208977+00:00
410015095pr85bd000,095pr85bd000,77,1,2,3,2551,2546,4318,3481,2543,2546,-4501,2860,0,0,0,0,0,0,0,0,2026-05-16 10:48:00.410015+00:00
942253095pr85bd000,095pr85bd000,77,1,2,3,2551,2546,4318,3481,2543,2546,-4501,2860,0,0,0,0,0,0,0,0,2026-05-16 10:48:13.942253+00:00
500485095pr85bd000,095pr85bd000,77,1,2,3,2551,2546,4318,3481,2543,2546,-4501,2860,0,0,0,0,0,0,0,0,2026-05-16 10:48:22.500485+00:00
279520095pr85bd000,095pr85bd000,77,1,2,3,2551,2546,4318,3481,2543,2546,-4501,2860,0,0,0,0,0,0,0,0,2026-05-16 10:48:32.279520+00:00
474256095pr85bd000,095pr85bd000,77,1,2,3,2551,2546,4318,3481,2543,2546,-4501,2860,0,0,0,0,0,0,0,0,2026-05-16 10:48:43.474256+00:00
471715095pr85bd000,095pr85bd000,77,1,2,3,2551,2546,4318,3481,2543,2546,-4501,2860,0,0,0,0,0,0,0,0,2026-05-16 10:48:53.471715+00:00
66548095pr85bd000,095pr85bd000,77,1,2,3,2551,2546,4318,3481,2543,2546,-4501,2860,0,0,0,0,0,0,0,0,2026-05-16 10:49:03.066548+00:00
847754095pr85bd000,095pr85bd000,77,1,2,3,2551,2546,4318,3481,2543,2546,-4501,2860,0,0,0,0,0,0,0,0,2026-05-16 10:49:11.847754+00:00
892378095pr85bd000,095pr85bd000,77,1,2,3,2551,2546,4318,3481,2543,2546,-4501,2860,0,0,0,0,0,0,0,0,2026-05-16 10:49:21.892378+00:00
507483095pr85bd000,095pr85bd000,77,1,2,3,2551,2546,4318,3481,2543,2546,-4501,2860,0,0,0,0,0,0,0,0,2026-05-16 10:49:32.507483+00:00
516660095pr85bd000,095pr85bd000,77,1,2,3,2551,2546,4318,3481,2543,2546,-4501,2860,0,0,0,0,0,0,0,0,2026-05-16 10:49:42.516660+00:00
458850095pr85bd000,095pr85bd000,77,1,2,3,2551,2546,4318,3481,2543,2546,-4501,2860,0,0,0,0,0,0,0,0,2026-05-16 10:49:52.458850+00:00
881095095pr85bd000,095pr85bd000,77,1,2,3,2551,2546,4318,3481,2543,2546,-4501,2860,0,0,0,0,0,0,0,0,2026-05-16 10:50:01.881095+00:00
911120095pr85bd000,095pr85bd000,77,1,2,3,2551,2546,4318,3481,2543,2546,-4501,2860,0,0,0,0,0,0,0,0,2026-05-16 10:50:10.911120+00:00
15406095pr85bd000,095pr85bd000,77,1,2,3,2551,2546,4318,3481,2543,2546,-4501,2860,0,0,0,0,0,0,0,0,2026-05-16 10:50:22.015406+00:00
780976095pr85bd000,095pr85bd000,77,1,2,3,2551,2546,4318,3481,2543,2546,-4501,2860,0,0,0,0,0,0,0,0,2026-05-16 10:50:31.780976+00:00
175118095pr85bd000,095pr85bd000,77,1,2,3,2551,2546,4318,3481,2543,2546,-4501,2860,0,0,0,0,0,0,0,0,2026-05-16 10:50:43.175118+00:00
272906095pr85bd000,095pr85bd000,77,1,2,3,2551,2546,4318,3481,2543,2546,-4501,2860,0,0,0,0,0,0,0,0,2026-05-16 10:50:51.272906+00:00
453077095pr85bd000,095pr85bd000,77,1,2,3,2551,2546,4318,3481,2543,2546,-4501,2860,0,0,0,0,0,0,0,0,2026-05-16 10:51:02.453077+00:00
464606095pr85bd000,095pr85bd000,77,1,2,3,2551,2546,4318,3481,2543,2546,-4501,2860,0,0,0,0,0,0,0,0,2026-05-16 10:51:12.464606+00:00
989816095pr85bd000,095pr85bd000,77,1,2,3,2551,2546,4318,3481,2543,2546,-4501,2860,0,0,0,0,0,0,0,0,2026-05-16 10:51:20.989816+00:00
263446095pr85bd000,095pr85bd000,77,1,2,3,2551,2546,4318,3481,2543,2546,-4501,2860,0,0,0,0,0,0,0,0,2026-05-16 10:51:32.263446+00:00
46844095pr85bd000,095pr85bd000,77,1,2,3,2551,2546,4318,3481,2543,2546,-4501,2860,0,0,0,0,0,0,0,0,2026-05-16 10:51:42.046844+00:00
440242095pr85bd000,095pr85bd000,77,1,2,3,2551,2546,4318,3481,2543,2546,-4501,2860,0,0,0,0,0,0,0,0,2026-05-16 10:51:50.440242+00:00
734340095pr85bd000,095pr85bd000,77,1,2,3,2551,2546,4318,3481,2543,2546,-4501,2860,0,0,0,0,0,0,0,0,2026-05-16 10:52:01.734340+00:00
850722095pr85bd000,095pr85bd000,77,1,2,3,2551,2546,4318,3481,2543,2546,-4501,2860,0,0,0,0,0,0,0,0,2026-05-16 10:52:12.850722+00:00
839158095pr85bd000,095pr85bd000,77,1,2,3,2551,2546,4318,3481,2543,2546,-4501,2860,0,0,0,0,0,0,0,0,2026-05-16 10:52:22.839158+00:00
432967095pr85bd000,095pr85bd000,77,1,2,3,2551,2546,4318,3481,2543,2546,-4501,2860,0,0,0,0,0,0,0,0,2026-05-16 10:52:33.432967+00:00
542429095pr85bd000,095pr85bd000,77,1,2,3,2551,2546,4318,3481,2543,2546,-4501,2860,0,0,0,0,0,0,0,0,2026-05-16 10:52:41.542429+00:00
110622095pr85bd000,095pr85bd000,77,1,2,3,2551,2546,4318,3481,2543,2546,-4501,2860,0,0,0,0,0,0,0,0,2026-05-16 10:52:53.110622+00:00
787576095pr85bd000,095pr85bd000,77,1,2,3,2551,2546,4318,3481,2543,2546,-4501,2860,0,0,0,0,0,0,0,0,2026-05-16 10:53:02.787576+00:00
223841095pr85bd000,095pr85bd000,77,1,2,3,2551,2546,4318,3481,2543,2546,-4501,2860,0,0,0,0,0,0,0,0,2026-05-16 10:53:12.223841+00:00
671110095pr85bd000,095pr85bd000,77,1,2,3,2551,2546,4318,3481,2543,2546,-4501,2860,0,0,0,0,0,0,0,0,2026-05-16 10:53:21.671110+00:00
721212095pr85bd000,095pr85bd000,77,1,2,3,2551,2546,4318,3481,2543,2546,-4501,2860,0,0,0,0,0,0,0,0,2026-05-16 10:53:31.721212+00:00
487734095pr85bd000,095pr85bd000,77,1,2,3,2551,2546,4318,3481,2543,2546,-4501,2860,0,0,0,0,0,0,0,0,2026-05-16 10:53:41.487734+00:00
779031095pr85bd000,095pr85bd000,77,1,2,3,2551,2546,4318,3481,2543,2546,-4501,2860,0,0,0,0,0,0,0,0,2026-05-16 10:53:53.779031+00:00
168515095pr85bd000,095pr85bd000,77,1,2,3,2551,2546,4318,3481,2543,2546,-4501,2860,0,0,0,0,0,0,0,0,2026-05-16 10:54:02.168515+00:00
883838095pr85bd000,095pr85bd000,77,1,2,3,2551,2546,4318,3481,2543,2546,-4501,2860,0,0,0,0,0,0,0,0,2026-05-16 10:54:10.883838+00:00
53727095pr85bd000,095pr85bd000,77,1,2,3,2551,2546,4318,3481,2543,2546,-4501,2860,0,0,0,0,0,0,0,0,2026-05-16 10:54:21.053727+00:00
907404095pr85bd000,095pr85bd000,77,1,2,3,2551,2546,4318,3481,2543,2546,-4501,2860,0,0,0,0,0,0,0,0,2026-05-16 10:54:32.907404+00:00
569116095pr85bd000,095pr85bd000,77,1,2,3,2551,2546,4318,3481,2543,2546,-4501,2860,0,0,0,0,0,0,0,0,2026-05-16 10:54:41.569116+00:00
684553095pr85bd000,095pr85bd000,77,1,2,3,2551,2546,4318,3481,2543,2546,-4501,2860,0,0,0,0,0,0,0,0,2026-05-16 10:54:51.684553+00:00
791276095pr85bd000,095pr85bd000,77,1,2,3,2551,2546,4318,3481,2543,2546,-4501,2860,0,0,0,0,0,0,0,0,2026-05-16 10:55:01.791276+00:00
719556095pr85bd000,095pr85bd000,77,1,2,3,2551,2546,4318,3481,2543,2546,-4501,2860,0,0,0,0,0,0,0,0,2026-05-16 10:55:14.719556+00:00
328742095pr85bd000,095pr85bd000,77,1,2,3,2551,2546,4318,3481,2543,2546,-4501,2860,0,0,0,0,0,0,0,0,2026-05-16 10:55:22.328742+00:00
660976095pr85bd000,095pr85bd000,77,1,2,3,2551,2546,4318,3481,2543,2546,-4501,2860,0,0,0,0,0,0,0,0,2026-05-16 10:55:32.660976+00:00
215854095pr85bd000,095pr85bd000,77,1,2,3,2551,2546,4318,3481,2543,2546,-4501,2860,0,0,0,0,0,0,0,0,2026-05-16 10:55:43.215854+00:00
637813095pr85bd000,095pr85bd000,77,1,2,3,2551,2546,4318,3481,2543,2546,-4501,2860,0,0,0,0,0,0,0,0,2026-05-16 10:55:52.637813+00:00
189638095pr85bd000,095pr85bd000,77,1,2,3,2551,2546,4318,3481,2543,2546,-4501,2860,0,0,0,0,0,0,0,0,2026-05-16 10:56:02.189638+00:00
602625095pr85bd000,095pr85bd000,77,1,2,3,2551,2546,4318,3481,2543,2546,-4501,2860,0,0,0,0,0,0,0,0,2026-05-16 10:56:12.602625+00:00
769435095pr85bd000,095pr85bd000,77,1,2,3,2551,2546,4318,3481,2543,2546,-4501,2860,0,0,0,0,0,0,0,0,2026-05-16 10:56:21.769435+00:00
900149095pr85bd000,095pr85bd000,77,1,2,3,2551,2546,4318,3481,2543,2546,-4501,2860,0,0,0,0,0,0,0,0,2026-05-16 10:56:31.900149+00:00
975178095pr85bd000,095pr85bd000,77,1,2,3,2551,2546,4318,3481,2543,2546,-4501,2860,0,0,0,0,0,0,0,0,2026-05-16 10:56:41.975178+00:00
322848095pr85bd000,095pr85bd000,77,1,2,3,2551,2546,4318,3481,2543,2546,-4501,2860,0,0,0,0,0,0,0,0,2026-05-16 10:56:51.322848+00:00
710883095pr85bd000,095pr85bd000,77,1,2,3,2551,2546,4318,3481,2543,2546,-4501,2860,0,0,0,0,0,0,0,0,2026-05-16 10:57:00.710883+00:00
817300095pr85bd000,095pr85bd000,77,1,2,3,2551,2546,4318,3481,2543,2546,-4501,2860,0,0,0,0,0,0,0,0,2026-05-16 10:57:12.817300+00:00
371701095pr85bd000,095pr85bd000,77,1,2,3,2551,2546,4318,3481,2543,2546,-4501,2860,0,0,0,0,0,0,0,0,2026-05-16 10:57:22.371701+00:00
460344095pr85bd000,095pr85bd000,77,1,2,3,2551,2546,4318,3481,2543,2546,-4501,2860,0,0,0,0,0,0,0,0,2026-05-16 10:57:31.460344+00:00
468502095pr85bd000,095pr85bd000,77,1,2,3,2551,2546,4318,3481,2543,2546,-4501,2860,0,0,0,0,0,0,0,0,2026-05-16 10:57:41.468502+00:00
850747095pr85bd000,095pr85bd000,77,1,2,3,2551,2546,4318,3481,2543,2546,-4501,2860,0,0,0,0,0,0,0,0,2026-05-16 10:57:51.850747+00:00
229687095pr85bd000,095pr85bd000,77,1,2,3,2551,2546,4318,3481,2543,2546,-4501,2860,0,0,0,0,0,0,0,0,2026-05-16 10:58:02.229687+00:00
191701095pr85bd000,095pr85bd000,77,1,2,3,2551,2546,4318,3481,2543,2546,-4501,2860,0,0,0,0,0,0,0,0,2026-05-16 10:58:12.191701+00:00
125304095pr85bd000,095pr85bd000,77,1,2,3,2551,2546,4318,3481,2543,2546,-4501,2860,0,0,0,0,0,0,0,0,2026-05-16 10:58:23.125304+00:00
630993095pr85bd000,095pr85bd000,77,1,2,3,2551,2546,4318,3481,2543,2546,-4501,2860,0,0,0,0,0,0,0,0,2026-05-16 10:58:31.630993+00:00
777932095pr85bd000,095pr85bd000,77,1,2,3,2551,2546,4318,3481,2543,2546,-4501,2860,0,0,0,0,0,0,0,0,2026-05-16 10:58:42.777932+00:00
829589095pr85bd000,095pr85bd000,77,1,2,3,2551,2546,4318,3481,2543,2546,-4501,2860,0,0,0,0,0,0,0,0,2026-05-16 10:58:51.829589+00:00
237095095pr85bd000,095pr85bd000,77,1,2,3,2551,2546,4318,3481,2543,2546,-4501,2860,0,0,0,0,0,0,0,0,2026-05-16 10:59:02.237095+00:00
339873095pr85bd000,095pr85bd000,77,1,2,3,2551,2546,4318,3481,2543,2546,-4501,2860,0,0,0,0,0,0,0,0,2026-05-16 10:59:13.339873+00:00
358745095pr85bd000,095pr85bd000,77,1,2,3,2551,2546,4318,3481,2543,2546,-4501,2860,0,0,0,0,0,0,0,0,2026-05-16 10:59:22.358745+00:00
891386095pr85bd000,095pr85bd000,77,1,2,3,2551,2546,4318,3481,2543,2546,-4501,2860,0,0,0,0,0,0,0,0,2026-05-16 10:59:31.891386+00:00
641959095pr85bd000,095pr85bd000,77,1,2,3,2551,2546,4318,3481,2543,2546,-4501,2860,0,0,0,0,0,0,0,0,2026-05-16 10:59:41.641959+00:00
943737095pr85bd000,095pr85bd000,77,1,2,3,2551,2546,4318,3481,2543,2546,-4501,2860,0,0,0,0,0,0,0,0,2026-05-16 10:59:50.943737+00:00
308665095pr85bd000,095pr85bd000,77,1,2,3,2551,2546,4318,3481,2543,2546,-4501,2860,0,0,0,0,0,0,0,0,2026-05-16 11:00:02.308665+00:00
710941095pr85bd000,095pr85bd000,77,1,2,3,2551,2546,4318,3481,2543,2546,-4501,2860,0,0,0,0,0,0,0,0,2026-05-16 11:00:12.710941+00:00
871644095pr85bd000,095pr85bd000,77,1,2,3,2551,2546,4318,3481,2543,2546,-4501,2860,0,0,0,0,0,0,0,0,2026-05-16 11:00:21.871644+00:00
974069095pr85bd000,095pr85bd000,77,1,2,3,2551,2546,4318,3481,2543,2546,-4501,2860,0,0,0,0,0,0,0,0,2026-05-16 11:00:31.974069+00:00
57003095pr85bd000,095pr85bd000,77,1,2,3,2551,2546,4318,3481,2543,2546,-4501,2860,0,0,0,0,0,0,0,0,2026-05-16 11:00:43.057003+00:00
76903095pr85bd000,095pr85bd000,77,1,2,3,2551,2546,4318,3481,2543,2546,-4501,2860,0,0,0,0,0,0,0,0,2026-05-16 11:00:52.076903+00:00
623185095pr85bd000,095pr85bd000,77,1,2,3,2551,2546,4318,3481,2543,2546,-4501,2860,0,0,0,0,0,0,0,0,2026-05-16 11:01:01.623185+00:00
645361095pr85bd000,095pr85bd000,77,1,2,3,2551,2546,4318,3481,2543,2546,-4501,2860,0,0,0,0,0,0,0,0,2026-05-16 11:01:11.645361+00:00
239578095pr85bd000,095pr85bd000,77,1,2,3,2551,2546,4318,3481,2543,2546,-4501,2860,0,0,0,0,0,0,0,0,2026-05-16 11:01:22.239578+00:00
294971095pr85bd000,095pr85bd000,77,1,2,3,2551,2546,4318,3481,2543,2546,-4501,2860,0,0,0,0,0,0,0,0,2026-05-16 11:01:32.294971+00:00
624364095pr85bd000,095pr85bd000,77,1,2,3,2551,2546,4318,3481,2543,2546,-4501,2860,0,0,0,0,0,0,0,0,2026-05-16 11:01:42.624364+00:00
724445095pr85bd000,095pr85bd000,77,1,2,3,2551,2546,4318,3481,2543,2546,-4501,2860,0,0,0,0,0,0,0,0,2026-05-16 11:01:52.724445+00:00
799270095pr85bd000,095pr85bd000,77,1,2,3,2551,2546,4318,3481,2543,2546,-4501,2860,0,0,0,0,0,0,0,0,2026-05-16 11:02:03.799270+00:00
903111095pr85bd000,095pr85bd000,77,1,2,3,2551,2546,4318,3481,2543,2546,-4501,2860,0,0,0,0,0,0,0,0,2026-05-16 11:02:12.903111+00:00
307771095pr85bd000,095pr85bd000,77,1,2,3,2551,2546,4318,3481,2543,2546,-4501,2860,0,0,0,0,0,0,0,0,2026-05-16 11:02:22.307771+00:00
461587095pr85bd000,095pr85bd000,77,1,2,3,2551,2546,4318,3481,2543,2546,-4501,2860,0,0,0,0,0,0,0,0,2026-05-16 11:02:32.461587+00:00
944713095pr85bd000,095pr85bd000,77,1,2,3,2551,2546,4318,3481,2543,2546,-4501,2860,0,0,0,0,0,0,0,0,2026-05-16 11:02:40.944713+00:00
930717095pr85bd000,095pr85bd000,77,1,2,3,2551,2546,4318,3481,2543,2546,-4501,2860,0,0,0,0,0,0,0,0,2026-05-16 11:02:53.930717+00:00
720503095pr85bd000,095pr85bd000,77,1,2,3,2551,2546,4318,3481,2543,2546,-4501,2860,0,0,0,0,0,0,0,0,2026-05-16 11:03:03.720503+00:00
522385095pr85bd000,095pr85bd000,77,1,2,3,2551,2546,4318,3481,2543,2546,-4501,2860,0,0,0,0,0,0,0,0,2026-05-16 11:03:10.522385+00:00
588446095pr85bd000,095pr85bd000,77,1,2,3,2551,2546,4318,3481,2543,2546,-4501,2860,0,0,0,0,0,0,0,0,2026-05-16 11:03:22.588446+00:00
578257095pr85bd000,095pr85bd000,77,1,2,3,2551,2546,4318,3481,2543,2546,-4501,2860,0,0,0,0,0,0,0,0,2026-05-16 11:03:32.578257+00:00
43753095pr85bd000,095pr85bd000,77,1,2,3,2551,2546,4318,3481,2543,2546,-4501,2860,0,0,0,0,0,0,0,0,2026-05-16 11:03:42.043753+00:00
122268095pr85bd000,095pr85bd000,77,1,2,3,2551,2546,4318,3481,2543,2546,-4501,2860,0,0,0,0,0,0,0,0,2026-05-16 11:03:52.122268+00:00
169302095pr85bd000,095pr85bd000,77,1,2,3,2551,2546,4318,3481,2543,2546,-4501,2860,0,0,0,0,0,0,0,0,2026-05-16 11:04:02.169302+00:00
820922095pr85bd000,095pr85bd000,77,1,2,3,2551,2546,4318,3481,2543,2546,-4501,2860,0,0,0,0,0,0,0,0,2026-05-16 11:04:12.820922+00:00
489909095pr85bd000,095pr85bd000,77,1,2,3,2551,2546,4318,3481,2543,2546,-4501,2860,0,0,0,0,0,0,0,0,2026-05-16 11:04:22.489909+00:00
667399095pr85bd000,095pr85bd000,77,1,2,3,2551,2546,4318,3481,2543,2546,-4501,2860,0,0,0,0,0,0,0,0,2026-05-16 11:04:34.667399+00:00
230998095pr85bd000,095pr85bd000,77,1,2,3,2551,2546,4318,3481,2543,2546,-4501,2860,0,0,0,0,0,0,0,0,2026-05-16 11:04:42.230998+00:00
727625095pr85bd000,095pr85bd000,77,1,2,3,2551,2546,4318,3481,2543,2546,-4501,2860,0,0,0,0,0,0,0,0,2026-05-16 11:04:51.727625+00:00
7376095pr85bd000,095pr85bd000,77,1,2,3,2551,2546,4318,3481,2543,2546,-4501,2860,0,0,0,0,0,0,0,0,2026-05-16 11:05:02.007376+00:00
880479095pr85bd000,095pr85bd000,77,1,2,3,2551,2546,4318,3481,2543,2546,-4501,2860,0,0,0,0,0,0,0,0,2026-05-16 11:05:11.880479+00:00
921206095pr85bd000,095pr85bd000,77,1,2,3,2551,2546,4318,3481,2543,2546,-4501,2860,0,0,0,0,0,0,0,0,2026-05-16 11:05:22.921206+00:00
337481095pr85bd000,095pr85bd000,77,1,2,3,2551,2546,4318,3481,2543,2546,-4501,2860,0,0,0,0,0,0,0,0,2026-05-16 11:05:35.337481+00:00
314233095pr85bd000,095pr85bd000,77,1,2,3,2551,2546,4318,3481,2543,2546,-4501,2860,0,0,0,0,0,0,0,0,2026-05-16 11:05:43.314233+00:00
651192095pr85bd000,095pr85bd000,77,1,2,3,2551,2546,4318,3481,2543,2546,-4501,2860,0,0,0,0,0,0,0,0,2026-05-16 11:05:52.651192+00:00
494140095pr85bd000,095pr85bd000,77,1,2,3,2551,2546,4318,3481,2543,2546,-4501,2860,0,0,0,0,0,0,0,0,2026-05-16 11:06:03.494140+00:00
260491095pr85bd000,095pr85bd000,77,1,2,3,2551,2546,4318,3481,2543,2546,-4501,2860,0,0,0,0,0,0,0,0,2026-05-16 11:06:12.260491+00:00
295149095pr85bd000,095pr85bd000,77,1,2,3,2551,2546,4318,3481,2543,2546,-4501,2860,0,0,0,0,0,0,0,0,2026-05-16 11:06:27.295149+00:00
665623095pr85bd000,095pr85bd000,77,1,2,3,2551,2546,4318,3481,2543,2546,-4501,2860,0,0,0,0,0,0,0,0,2026-05-16 11:06:33.665623+00:00
678880095pr85bd000,095pr85bd000,77,1,2,3,2551,2546,4318,3481,2543,2546,-4501,2860,0,0,0,0,0,0,0,0,2026-05-16 11:06:43.678880+00:00
51834095pr85bd000,095pr85bd000,77,1,2,3,2551,2546,4318,3481,2543,2546,-4501,2860,0,0,0,0,0,0,0,0,2026-05-16 11:06:52.051834+00:00
164379095pr85bd000,095pr85bd000,77,1,2,3,2551,2546,4318,3481,2543,2546,-4501,2860,0,0,0,0,0,0,0,0,2026-05-16 11:07:03.164379+00:00
255357095pr85bd000,095pr85bd000,77,1,2,3,2551,2546,4318,3481,2543,2546,-4501,2860,0,0,0,0,0,0,0,0,2026-05-16 11:07:13.255357+00:00
271216095pr85bd000,095pr85bd000,77,1,2,3,2551,2546,4318,3481,2543,2546,-4501,2860,0,0,0,0,0,0,0,0,2026-05-16 11:07:23.271216+00:00
701961095pr85bd000,095pr85bd000,77,1,2,3,2551,2546,4318,3481,2543,2546,-4501,2860,0,0,0,0,0,0,0,0,2026-05-16 11:07:32.701961+00:00
990713095pr85bd000,095pr85bd000,77,1,2,3,2551,2546,4318,3481,2543,2546,-4501,2860,0,0,0,0,0,0,0,0,2026-05-16 11:07:42.990713+00:00
742763095pr85bd000,095pr85bd000,77,1,2,3,2551,2546,4318,3481,2543,2546,-4501,2860,0,0,0,0,0,0,0,0,2026-05-16 11:07:52.742763+00:00
291602095pr85bd000,095pr85bd000,77,1,2,3,2551,2546,4318,3481,2543,2546,-4501,2860,0,0,0,0,0,0,0,0,2026-05-16 11:08:02.291602+00:00
541904095pr85bd000,095pr85bd000,77,1,2,3,2551,2546,4318,3481,2543,2546,-4501,2860,0,0,0,0,0,0,0,0,2026-05-16 11:08:12.541904+00:00
591614095pr85bd000,095pr85bd000,77,1,2,3,2551,2546,4318,3481,2543,2546,-4501,2860,0,0,0,0,0,0,0,0,2026-05-16 11:08:20.591614+00:00
954207095pr85bd000,095pr85bd000,77,1,2,3,2551,2546,4318,3481,2543,2546,-4501,2860,0,0,0,0,0,0,0,0,2026-05-16 11:08:32.954207+00:00
91363095pr85bd000,095pr85bd000,77,1,2,3,2551,2546,4318,3481,2543,2546,-4501,2860,0,0,0,0,0,0,0,0,2026-05-16 11:08:43.091363+00:00
460981095pr85bd000,095pr85bd000,77,1,2,3,2551,2546,4318,3481,2543,2546,-4501,2860,0,0,0,0,0,0,0,0,2026-05-16 11:08:51.460981+00:00
613534095pr85bd000,095pr85bd000,77,1,2,3,2551,2546,4318,3481,2543,2546,-4501,2860,0,0,0,0,0,0,0,0,2026-05-16 11:09:02.613534+00:00
141438095pr85bd000,095pr85bd000,77,1,2,3,2551,2546,4318,3481,2543,2546,-4501,2860,0,0,0,0,0,0,0,0,2026-05-16 11:09:13.141438+00:00
150066095pr85bd000,095pr85bd000,77,1,2,3,2551,2546,4318,3481,2543,2546,-4501,2860,0,0,0,0,0,0,0,0,2026-05-16 11:09:23.150066+00:00
202592095pr85bd000,095pr85bd000,77,1,2,3,2551,2546,4318,3481,2543,2546,-4501,2860,0,0,0,0,0,0,0,0,2026-05-16 11:09:32.202592+00:00
441307095pr85bd000,095pr85bd000,77,1,2,3,2551,2546,4318,3481,2543,2546,-4501,2860,0,0,0,0,0,0,0,0,2026-05-16 11:09:42.441307+00:00
623969095pr85bd000,095pr85bd000,77,1,2,3,2551,2546,4318,3481,2543,2546,-4501,2860,0,0,0,0,0,0,0,0,2026-05-16 11:09:52.623969+00:00
718499095pr85bd000,095pr85bd000,77,1,2,3,2551,2546,4318,3481,2543,2546,-4501,2860,0,0,0,0,0,0,0,0,2026-05-16 11:10:02.718499+00:00
974258095pr85bd000,095pr85bd000,77,1,2,3,2551,2546,4318,3481,2543,2546,-4501,2860,0,0,0,0,0,0,0,0,2026-05-16 11:10:13.974258+00:00
101425095pr85bd000,095pr85bd000,77,1,2,3,2551,2546,4318,3481,2543,2546,-4501,2860,0,0,0,0,0,0,0,0,2026-05-16 11:10:22.101425+00:00
97966095pr85bd000,095pr85bd000,77,1,2,3,2551,2546,4318,3481,2543,2546,-4501,2860,0,0,0,0,0,0,0,0,2026-05-16 11:10:32.097966+00:00
247263095pr85bd000,095pr85bd000,77,1,2,3,2551,2546,4318,3481,2543,2546,-4501,2860,0,0,0,0,0,0,0,0,2026-05-16 11:10:42.247263+00:00
619820095pr85bd000,095pr85bd000,77,1,2,3,2551,2546,4318,3481,2543,2546,-4501,2860,0,0,0,0,0,0,0,0,2026-05-16 11:10:52.619820+00:00
576680095pr85bd000,095pr85bd000,77,1,2,3,2551,2546,4318,3481,2543,2546,-4501,2860,0,0,0,0,0,0,0,0,2026-05-16 11:11:01.576680+00:00
206466095pr85bd000,095pr85bd000,77,1,2,3,2551,2546,4318,3481,2543,2546,-4501,2860,0,0,0,0,0,0,0,0,2026-05-16 11:11:10.206466+00:00
53933095pr85bd000,095pr85bd000,77,1,2,3,2551,2546,4318,3481,2543,2546,-4501,2860,0,0,0,0,0,0,0,0,2026-05-16 11:11:23.053933+00:00
97173095pr85bd000,095pr85bd000,77,1,2,3,2551,2546,4318,3481,2543,2546,-4501,2860,0,0,0,0,0,0,0,0,2026-05-16 11:11:33.097173+00:00
681542095pr85bd000,095pr85bd000,77,1,2,3,2551,2546,4318,3481,2543,2546,-4501,2860,0,0,0,0,0,0,0,0,2026-05-16 11:11:41.681542+00:00
836031095pr85bd000,095pr85bd000,77,1,2,3,2551,2546,4318,3481,2543,2546,-4501,2860,0,0,0,0,0,0,0,0,2026-05-16 11:11:52.836031+00:00
356611095pr85bd000,095pr85bd000,77,1,2,3,2551,2546,4318,3481,2543,2546,-4501,2860,0,0,0,0,0,0,0,0,2026-05-16 11:12:02.356611+00:00
298728095pr85bd000,095pr85bd000,77,1,2,3,2551,2546,4318,3481,2543,2546,-4501,2860,0,0,0,0,0,0,0,0,2026-05-16 11:12:12.298728+00:00
440767095pr85bd000,095pr85bd000,77,1,2,3,2551,2546,4318,3481,2543,2546,-4501,2860,0,0,0,0,0,0,0,0,2026-05-16 11:12:22.440767+00:00
855038095pr85bd000,095pr85bd000,77,1,2,3,2551,2546,4318,3481,2543,2546,-4501,2860,0,0,0,0,0,0,0,0,2026-05-16 11:12:32.855038+00:00
937592095pr85bd000,095pr85bd000,77,1,2,3,2551,2546,4318,3481,2543,2546,-4501,2860,0,0,0,0,0,0,0,0,2026-05-16 11:12:42.937592+00:00
636002095pr85bd000,095pr85bd000,77,1,2,3,2551,2546,4318,3481,2543,2546,-4501,2860,0,0,0,0,0,0,0,0,2026-05-16 11:12:52.636002+00:00
290371095pr85bd000,095pr85bd000,77,1,2,3,2551,2546,4318,3481,2543,2546,-4501,2860,0,0,0,0,0,0,0,0,2026-05-16 11:13:02.290371+00:00
296421095pr85bd000,095pr85bd000,77,1,2,3,2551,2546,4318,3481,2543,2546,-4501,2860,0,0,0,0,0,0,0,0,2026-05-16 11:13:12.296421+00:00
490090095pr85bd000,095pr85bd000,77,1,2,3,2551,2546,4318,3481,2543,2546,-4501,2860,0,0,0,0,0,0,0,0,2026-05-16 11:13:23.490090+00:00
869063095pr85bd000,095pr85bd000,77,1,2,3,2551,2546,4318,3481,2543,2546,-4501,2860,0,0,0,0,0,0,0,0,2026-05-16 11:13:31.869063+00:00
939359095pr85bd000,095pr85bd000,77,1,2,3,2551,2546,4318,3481,2543,2546,-4501,2860,0,0,0,0,0,0,0,0,2026-05-16 11:13:42.939359+00:00
176034095pr85bd000,095pr85bd000,77,1,2,3,2551,2546,4318,3481,2543,2546,-4501,2860,0,0,0,0,0,0,0,0,2026-05-16 11:13:53.176034+00:00
327336095pr85bd000,095pr85bd000,77,1,2,3,2551,2546,4318,3481,2543,2546,-4501,2860,0,0,0,0,0,0,0,0,2026-05-16 11:14:00.327336+00:00
467577095pr85bd000,095pr85bd000,77,1,2,3,2551,2546,4318,3481,2543,2546,-4501,2860,0,0,0,0,0,0,0,0,2026-05-16 11:14:11.467577+00:00
662482095pr85bd000,095pr85bd000,77,1,2,3,2551,2546,4318,3481,2543,2546,-4501,2860,0,0,0,0,0,0,0,0,2026-05-16 11:14:22.662482+00:00
95199095pr85bd000,095pr85bd000,77,1,2,3,2551,2546,4318,3481,2543,2546,-4501,2860,0,0,0,0,0,0,0,0,2026-05-16 11:14:32.095199+00:00
991606095pr85bd000,095pr85bd000,77,1,2,3,2551,2546,4318,3481,2543,2546,-4501,2860,0,0,0,0,0,0,0,0,2026-05-16 11:14:42.991606+00:00
235151095pr85bd000,095pr85bd000,77,1,2,3,2551,2546,4318,3481,2543,2546,-4501,2860,0,0,0,0,0,0,0,0,2026-05-16 11:14:52.235151+00:00
497238095pr85bd000,095pr85bd000,77,1,2,3,2551,2546,4318,3481,2543,2546,-4501,2860,0,0,0,0,0,0,0,0,2026-05-16 11:15:02.497238+00:00
688643095pr85bd000,095pr85bd000,77,1,2,3,2551,2546,4318,3481,2543,2546,-4501,2860,0,0,0,0,0,0,0,0,2026-05-16 11:15:12.688643+00:00
618423095pr85bd000,095pr85bd000,77,1,2,3,2551,2546,4318,3481,2543,2546,-4501,2860,0,0,0,0,0,0,0,0,2026-05-16 11:15:22.618423+00:00
452078095pr85bd000,095pr85bd000,77,1,2,3,2551,2546,4318,3481,2543,2546,-4501,2860,0,0,0,0,0,0,0,0,2026-05-16 11:15:33.452078+00:00
511131095pr85bd000,095pr85bd000,77,1,2,3,2551,2546,4318,3481,2543,2546,-4501,2860,0,0,0,0,0,0,0,0,2026-05-16 11:15:42.511131+00:00
209155095pr85bd000,095pr85bd000,77,1,2,3,2551,2546,4318,3481,2543,2546,-4501,2860,0,0,0,0,0,0,0,0,2026-05-16 11:15:52.209155+00:00
984555095pr85bd000,095pr85bd000,77,1,2,3,2551,2546,4318,3481,2543,2546,-4501,2860,0,0,0,0,0,0,0,0,2026-05-16 11:16:04.984555+00:00
279560095pr85bd000,095pr85bd000,77,1,2,3,2551,2546,4318,3481,2543,2546,-4501,2860,0,0,0,0,0,0,0,0,2026-05-16 11:16:13.279560+00:00
714495095pr85bd000,095pr85bd000,77,1,2,3,2551,2546,4318,3481,2543,2546,-4501,2860,0,0,0,0,0,0,0,0,2026-05-16 11:16:21.714495+00:00
373750095pr85bd000,095pr85bd000,77,1,2,3,2551,2546,4318,3481,2543,2546,-4501,2860,0,0,0,0,0,0,0,0,2026-05-16 11:16:33.373750+00:00
283096095pr85bd000,095pr85bd000,77,1,2,3,2551,2546,4318,3481,2543,2546,-4501,2860,0,0,0,0,0,0,0,0,2026-05-16 11:16:42.283096+00:00
599753095pr85bd000,095pr85bd000,77,1,2,3,2551,2546,4318,3481,2543,2546,-4501,2860,0,0,0,0,0,0,0,0,2026-05-16 11:16:51.599753+00:00
234874095pr85bd000,095pr85bd000,77,1,2,3,2551,2546,4318,3481,2543,2546,-4501,2860,0,0,0,0,0,0,0,0,2026-05-16 11:17:03.234874+00:00
822239095pr85bd000,095pr85bd000,77,1,2,3,2551,2546,4318,3481,2543,2546,-4501,2860,0,0,0,0,0,0,0,0,2026-05-16 11:17:12.822239+00:00
391410095pr85bd000,095pr85bd000,77,1,2,3,2551,2546,4318,3481,2543,2546,-4501,2860,0,0,0,0,0,0,0,0,2026-05-16 11:17:21.391410+00:00
377029095pr85bd000,095pr85bd000,77,1,2,3,2551,2546,4318,3481,2543,2546,-4501,2860,0,0,0,0,0,0,0,0,2026-05-16 11:17:31.377029+00:00
62169095pr85bd000,095pr85bd000,77,1,2,3,2551,2546,4318,3481,2543,2546,-4501,2860,0,0,0,0,0,0,0,0,2026-05-16 11:17:43.062169+00:00
707752095pr85bd000,095pr85bd000,77,1,2,3,2551,2546,4318,3481,2543,2546,-4501,2860,0,0,0,0,0,0,0,0,2026-05-16 11:17:52.707752+00:00
805245095pr85bd000,095pr85bd000,77,1,2,3,2551,2546,4318,3481,2543,2546,-4501,2860,0,0,0,0,0,0,0,0,2026-05-16 11:18:02.805245+00:00
293077095pr85bd000,095pr85bd000,77,1,2,3,2551,2546,4318,3481,2543,2546,-4501,2860,0,0,0,0,0,0,0,0,2026-05-16 11:18:14.293077+00:00
349979095pr85bd000,095pr85bd000,77,1,2,3,2551,2546,4318,3481,2543,2546,-4501,2860,0,0,0,0,0,0,0,0,2026-05-16 11:18:22.349979+00:00
361174095pr85bd000,095pr85bd000,77,1,2,3,2551,2546,4318,3481,2543,2546,-4501,2860,0,0,0,0,0,0,0,0,2026-05-16 11:18:32.361174+00:00
630540095pr85bd000,095pr85bd000,77,1,2,3,2551,2546,4318,3481,2543,2546,-4501,2860,0,0,0,0,0,0,0,0,2026-05-16 11:18:42.630540+00:00
528192095pr85bd000,095pr85bd000,77,1,2,3,2551,2546,4318,3481,2543,2546,-4501,2860,0,0,0,0,0,0,0,0,2026-05-16 11:18:53.528192+00:00
36415095pr85bd000,095pr85bd000,77,1,2,3,2551,2546,4318,3481,2543,2546,-4501,2860,0,0,0,0,0,0,0,0,2026-05-16 11:19:02.036415+00:00
186880095pr85bd000,095pr85bd000,77,1,2,3,2551,2546,4318,3481,2543,2546,-4501,2860,0,0,0,0,0,0,0,0,2026-05-16 11:19:12.186880+00:00
470581095pr85bd000,095pr85bd000,77,1,2,3,2551,2546,4318,3481,2543,2546,-4501,2860,0,0,0,0,0,0,0,0,2026-05-16 11:19:22.470581+00:00
195214095pr85bd000,095pr85bd000,77,1,2,3,2551,2546,4318,3481,2543,2546,-4501,2860,0,0,0,0,0,0,0,0,2026-05-16 11:19:32.195214+00:00
556160095pr85bd000,095pr85bd000,77,1,2,3,2551,2546,4318,3481,2543,2546,-4501,2860,0,0,0,0,0,0,0,0,2026-05-16 11:19:41.556160+00:00
820571095pr85bd000,095pr85bd000,77,1,2,3,2551,2546,4318,3481,2543,2546,-4501,2860,0,0,0,0,0,0,0,0,2026-05-16 11:19:51.820571+00:00
99683095pr85bd000,095pr85bd000,77,1,2,3,2551,2546,4318,3481,2543,2546,-4501,2860,0,0,0,0,0,0,0,0,2026-05-16 11:20:03.099683+00:00
460388095pr85bd000,095pr85bd000,77,1,2,3,2551,2546,4318,3481,2543,2546,-4501,2860,0,0,0,0,0,0,0,0,2026-05-16 11:20:12.460388+00:00
152697095pr85bd000,095pr85bd000,77,1,2,3,2551,2546,4318,3481,2543,2546,-4501,2860,0,0,0,0,0,0,0,0,2026-05-16 11:20:24.152697+00:00
792598095pr85bd000,095pr85bd000,77,1,2,3,2551,2546,4318,3481,2543,2546,-4501,2860,0,0,0,0,0,0,0,0,2026-05-16 11:20:32.792598+00:00
5395095pr85bd000,095pr85bd000,77,1,2,3,2551,2546,4318,3481,2543,2546,-4501,2860,0,0,0,0,0,0,0,0,2026-05-16 11:20:44.005395+00:00
229168095pr85bd000,095pr85bd000,77,1,2,3,2551,2546,4318,3481,2543,2546,-4501,2860,0,0,0,0,0,0,0,0,2026-05-16 11:20:54.229168+00:00
750705095pr85bd000,095pr85bd000,77,1,2,3,2551,2546,4318,3481,2543,2546,-4501,2860,0,0,0,0,0,0,0,0,2026-05-16 11:21:03.750705+00:00
600694095pr85bd000,095pr85bd000,77,1,2,3,2551,2546,4318,3481,2543,2546,-4501,2860,0,0,0,0,0,0,0,0,2026-05-16 11:21:12.600694+00:00
662098095pr85bd000,095pr85bd000,77,1,2,3,2551,2546,4318,3481,2543,2546,-4501,2860,0,0,0,0,0,0,0,0,2026-05-16 11:21:23.662098+00:00
708060095pr85bd000,095pr85bd000,77,1,2,3,2551,2546,4318,3481,2543,2546,-4501,2860,0,0,0,0,0,0,0,0,2026-05-16 11:21:32.708060+00:00
39794095pr85bd000,095pr85bd000,77,1,2,3,2551,2546,4318,3481,2543,2546,-4501,2860,0,0,0,0,0,0,0,0,2026-05-16 11:21:43.039794+00:00
267350095pr85bd000,095pr85bd000,77,1,2,3,2551,2546,4318,3481,2543,2546,-4501,2860,0,0,0,0,0,0,0,0,2026-05-16 11:21:54.267350+00:00
666956095pr85bd000,095pr85bd000,77,1,2,3,2551,2546,4318,3481,2543,2546,-4501,2860,0,0,0,0,0,0,0,0,2026-05-16 11:22:01.666956+00:00
768721095pr85bd000,095pr85bd000,77,1,2,3,2551,2546,4318,3481,2543,2546,-4501,2860,0,0,0,0,0,0,0,0,2026-05-16 11:22:13.768721+00:00
918931095pr85bd000,095pr85bd000,77,1,2,3,2551,2546,4318,3481,2543,2546,-4501,2860,0,0,0,0,0,0,0,0,2026-05-16 11:22:23.918931+00:00
911424095pr85bd000,095pr85bd000,77,1,2,3,2551,2546,4318,3481,2543,2546,-4501,2860,0,0,0,0,0,0,0,0,2026-05-16 11:22:30.911424+00:00
169323095pr85bd000,095pr85bd000,77,1,2,3,2551,2546,4318,3481,2543,2546,-4501,2860,0,0,0,0,0,0,0,0,2026-05-16 11:22:43.169323+00:00
52838095pr85bd000,095pr85bd000,77,1,2,3,2551,2546,4318,3481,2543,2546,-4501,2860,0,0,0,0,0,0,0,0,2026-05-16 11:22:52.052838+00:00
682728095pr85bd000,095pr85bd000,77,1,2,3,2551,2546,4318,3481,2543,2546,-4501,2860,0,0,0,0,0,0,0,0,2026-05-16 11:23:02.682728+00:00
64627095pr85bd000,095pr85bd000,77,1,2,3,2551,2546,4318,3481,2543,2546,-4501,2860,0,0,0,0,0,0,0,0,2026-05-16 11:23:13.064627+00:00
820916095pr85bd000,095pr85bd000,77,1,2,3,2551,2546,4318,3481,2543,2546,-4501,2860,0,0,0,0,0,0,0,0,2026-05-16 11:23:22.820916+00:00
335752095pr85bd000,095pr85bd000,77,1,2,3,2551,2546,4318,3481,2543,2546,-4501,2860,0,0,0,0,0,0,0,0,2026-05-16 11:23:32.335752+00:00
294912095pr85bd000,095pr85bd000,77,1,2,3,2551,2546,4318,3481,2543,2546,-4501,2860,0,0,0,0,0,0,0,0,2026-05-16 11:23:42.294912+00:00
527627095pr85bd000,095pr85bd000,77,1,2,3,2551,2546,4318,3481,2543,2546,-4501,2860,0,0,0,0,0,0,0,0,2026-05-16 11:23:52.527627+00:00
948569095pr85bd000,095pr85bd000,77,1,2,3,2551,2546,4318,3481,2543,2546,-4501,2860,0,0,0,0,0,0,0,0,2026-05-16 11:24:02.948569+00:00
915612095pr85bd000,095pr85bd000,77,1,2,3,2551,2546,4318,3481,2543,2546,-4501,2860,0,0,0,0,0,0,0,0,2026-05-16 11:24:12.915612+00:00
61249095pr85bd000,095pr85bd000,77,1,2,3,2551,2546,4318,3481,2543,2546,-4501,2860,0,0,0,0,0,0,0,0,2026-05-16 11:24:22.061249+00:00
609444095pr85bd000,095pr85bd000,77,1,2,3,2551,2546,4318,3481,2543,2546,-4501,2860,0,0,0,0,0,0,0,0,2026-05-16 11:24:34.609444+00:00
320581095pr85bd000,095pr85bd000,77,1,2,3,2551,2546,4318,3481,2543,2546,-4501,2860,0,0,0,0,0,0,0,0,2026-05-16 11:24:43.320581+00:00
545280095pr85bd000,095pr85bd000,77,1,2,3,2551,2546,4318,3481,2543,2546,-4501,2860,0,0,0,0,0,0,0,0,2026-05-16 11:24:50.545280+00:00
859982095pr85bd000,095pr85bd000,77,1,2,3,2551,2546,4318,3481,2543,2546,-4501,2860,0,0,0,0,0,0,0,0,2026-05-16 11:25:02.859982+00:00
832379095pr85bd000,095pr85bd000,77,1,2,3,2551,2546,4318,3481,2543,2546,-4501,2860,0,0,0,0,0,0,0,0,2026-05-16 11:25:12.832379+00:00
208677095pr85bd000,095pr85bd000,77,1,2,3,2551,2546,4318,3481,2543,2546,-4501,2860,0,0,0,0,0,0,0,0,2026-05-16 11:25:22.208677+00:00
182666095pr85bd000,095pr85bd000,77,1,2,3,2551,2546,4318,3481,2543,2546,-4501,2860,0,0,0,0,0,0,0,0,2026-05-16 11:25:32.182666+00:00
144013095pr85bd000,095pr85bd000,77,1,2,3,2551,2546,4318,3481,2543,2546,-4501,2860,0,0,0,0,0,0,0,0,2026-05-16 11:25:42.144013+00:00
647377095pr85bd000,095pr85bd000,77,1,2,3,2551,2546,4318,3481,2543,2546,-4501,2860,0,0,0,0,0,0,0,0,2026-05-16 11:25:53.647377+00:00
836677095pr85bd000,095pr85bd000,77,1,2,3,2551,2546,4318,3481,2543,2546,-4501,2860,0,0,0,0,0,0,0,0,2026-05-16 11:26:02.836677+00:00
791212095pr85bd000,095pr85bd000,77,1,2,3,2551,2546,4318,3481,2543,2546,-4501,2860,0,0,0,0,0,0,0,0,2026-05-16 11:26:12.791212+00:00
46396095pr85bd000,095pr85bd000,77,1,2,3,2551,2546,4318,3481,2543,2546,-4501,2860,0,0,0,0,0,0,0,0,2026-05-16 11:26:23.046396+00:00
226717095pr85bd000,095pr85bd000,77,1,2,3,2551,2546,4318,3481,2543,2546,-4501,2860,0,0,0,0,0,0,0,0,2026-05-16 11:26:34.226717+00:00
138880095pr85bd000,095pr85bd000,77,1,2,3,2551,2546,4318,3481,2543,2546,-4501,2860,0,0,0,0,0,0,0,0,2026-05-16 11:26:43.138880+00:00
684687095pr85bd000,095pr85bd000,77,1,2,3,2551,2546,4318,3481,2543,2546,-4501,2860,0,0,0,0,0,0,0,0,2026-05-16 11:26:51.684687+00:00
559556095pr85bd000,095pr85bd000,77,1,2,3,2551,2546,4318,3481,2543,2546,-4501,2860,0,0,0,0,0,0,0,0,2026-05-16 11:27:02.559556+00:00
927157095pr85bd000,095pr85bd000,77,1,2,3,2551,2546,4318,3481,2543,2546,-4501,2860,0,0,0,0,0,0,0,0,2026-05-16 11:27:11.927157+00:00
12446095pr85bd000,095pr85bd000,77,1,2,3,2551,2546,4318,3481,2543,2546,-4501,2860,0,0,0,0,0,0,0,0,2026-05-16 11:27:23.012446+00:00
542141095pr85bd000,095pr85bd000,77,1,2,3,2551,2546,4318,3481,2543,2546,-4501,2860,0,0,0,0,0,0,0,0,2026-05-16 11:27:33.542141+00:00
629387095pr85bd000,095pr85bd000,77,1,2,3,2551,2546,4318,3481,2543,2546,-4501,2860,0,0,0,0,0,0,0,0,2026-05-16 11:27:40.629387+00:00
983038095pr85bd000,095pr85bd000,77,1,2,3,2551,2546,4318,3481,2543,2546,-4501,2860,0,0,0,0,0,0,0,0,2026-05-16 11:27:52.983038+00:00
960710095pr85bd000,095pr85bd000,77,1,2,3,2551,2546,4318,3481,2543,2546,-4501,2860,0,0,0,0,0,0,0,0,2026-05-16 11:28:02.960710+00:00
204011095pr85bd000,095pr85bd000,77,1,2,3,2551,2546,4318,3481,2543,2546,-4501,2860,0,0,0,0,0,0,0,0,2026-05-16 11:28:12.204011+00:00
260295095pr85bd000,095pr85bd000,77,1,2,3,2551,2546,4318,3481,2543,2546,-4501,2860,0,0,0,0,0,0,0,0,2026-05-16 11:28:22.260295+00:00
345349095pr85bd000,095pr85bd000,77,1,2,3,2551,2546,4318,3481,2543,2546,-4501,2860,0,0,0,0,0,0,0,0,2026-05-16 11:28:32.345349+00:00
799868095pr85bd000,095pr85bd000,77,1,2,3,2551,2546,4318,3481,2543,2546,-4501,2860,0,0,0,0,0,0,0,0,2026-05-16 11:28:42.799868+00:00
829957095pr85bd000,095pr85bd000,77,1,2,3,2551,2546,4318,3481,2543,2546,-4501,2860,0,0,0,0,0,0,0,0,2026-05-16 11:28:52.829957+00:00
851485095pr85bd000,095pr85bd000,77,1,2,3,2551,2546,4318,3481,2543,2546,-4501,2860,0,0,0,0,0,0,0,0,2026-05-16 11:29:02.851485+00:00
92086095pr85bd000,095pr85bd000,77,1,2,3,2551,2546,4318,3481,2543,2546,-4501,2860,0,0,0,0,0,0,0,0,2026-05-16 11:29:14.092086+00:00
195146095pr85bd000,095pr85bd000,77,1,2,3,2551,2546,4318,3481,2543,2546,-4501,2860,0,0,0,0,0,0,0,0,2026-05-16 11:29:24.195146+00:00
530221095pr85bd000,095pr85bd000,77,1,2,3,2551,2546,4318,3481,2543,2546,-4501,2860,0,0,0,0,0,0,0,0,2026-05-16 11:29:32.530221+00:00
657500095pr85bd000,095pr85bd000,77,1,2,3,2551,2546,4318,3481,2543,2546,-4501,2860,0,0,0,0,0,0,0,0,2026-05-16 11:29:42.657500+00:00
765306095pr85bd000,095pr85bd000,77,1,2,3,2551,2546,4318,3481,2543,2546,-4501,2860,0,0,0,0,0,0,0,0,2026-05-16 11:29:52.765306+00:00
977865095pr85bd000,095pr85bd000,77,1,2,3,2551,2546,4318,3481,2543,2546,-4501,2860,0,0,0,0,0,0,0,0,2026-05-16 11:30:00.977865+00:00
584076095pr85bd000,095pr85bd000,77,1,2,3,2551,2546,4318,3481,2543,2546,-4501,2860,0,0,0,0,0,0,0,0,2026-05-16 11:30:13.584076+00:00
348688095pr85bd000,095pr85bd000,77,1,2,3,2551,2546,4318,3481,2543,2546,-4501,2860,0,0,0,0,0,0,0,0,2026-05-16 11:30:23.348688+00:00
620506095pr85bd000,095pr85bd000,77,1,2,3,2551,2546,4318,3481,2543,2546,-4501,2860,0,0,0,0,0,0,0,0,2026-05-16 11:30:31.620506+00:00
478217095pr85bd000,095pr85bd000,77,1,2,3,2551,2546,4318,3481,2543,2546,-4501,2860,0,0,0,0,0,0,0,0,2026-05-16 11:30:43.478217+00:00
659137095pr85bd000,095pr85bd000,77,1,2,3,2551,2546,4318,3481,2543,2546,-4501,2860,0,0,0,0,0,0,0,0,2026-05-16 11:30:53.659137+00:00
872662095pr85bd000,095pr85bd000,77,1,2,3,2551,2546,4318,3481,2543,2546,-4501,2860,0,0,0,0,0,0,0,0,2026-05-16 11:31:02.872662+00:00
968138095pr85bd000,095pr85bd000,77,1,2,3,2551,2546,4318,3481,2543,2546,-4501,2860,0,0,0,0,0,0,0,0,2026-05-16 11:31:13.968138+00:00
19584095pr85bd000,095pr85bd000,77,1,2,3,2551,2546,4318,3481,2543,2546,-4501,2860,0,0,0,0,0,0,0,0,2026-05-16 11:31:23.019584+00:00
532055095pr85bd000,095pr85bd000,77,1,2,3,2551,2546,4318,3481,2543,2546,-4501,2860,0,0,0,0,0,0,0,0,2026-05-16 11:31:32.532055+00:00
286866095pr85bd000,095pr85bd000,77,1,2,3,2551,2546,4318,3481,2543,2546,-4501,2860,0,0,0,0,0,0,0,0,2026-05-16 11:31:42.286866+00:00
248149095pr85bd000,095pr85bd000,77,1,2,3,2551,2546,4318,3481,2543,2546,-4501,2860,0,0,0,0,0,0,0,0,2026-05-16 11:31:53.248149+00:00
888068095pr85bd000,095pr85bd000,77,1,2,3,2551,2546,4318,3481,2543,2546,-4501,2860,0,0,0,0,0,0,0,0,2026-05-16 11:32:02.888068+00:00
35155095pr85bd000,095pr85bd000,77,1,2,3,2551,2546,4318,3481,2543,2546,-4501,2860,0,0,0,0,0,0,0,0,2026-05-16 11:32:13.035155+00:00
367558095pr85bd000,095pr85bd000,77,1,2,3,2551,2546,4318,3481,2543,2546,-4501,2860,0,0,0,0,0,0,0,0,2026-05-16 11:32:22.367558+00:00
558351095pr85bd000,095pr85bd000,77,1,2,3,2551,2546,4318,3481,2543,2546,-4501,2860,0,0,0,0,0,0,0,0,2026-05-16 11:32:33.558351+00:00
460115095pr85bd000,095pr85bd000,77,1,2,3,2551,2546,4318,3481,2543,2546,-4501,2860,0,0,0,0,0,0,0,0,2026-05-16 11:32:42.460115+00:00
782112095pr85bd000,095pr85bd000,77,1,2,3,2551,2546,4318,3481,2543,2546,-4501,2860,0,0,0,0,0,0,0,0,2026-05-16 11:32:51.782112+00:00
780014095pr85bd000,095pr85bd000,77,1,2,3,2551,2546,4318,3481,2543,2546,-4501,2860,0,0,0,0,0,0,0,0,2026-05-16 11:33:04.780014+00:00
947818095pr85bd000,095pr85bd000,77,1,2,3,2551,2546,4318,3481,2543,2546,-4501,2860,0,0,0,0,0,0,0,0,2026-05-16 11:33:12.947818+00:00
383623095pr85bd000,095pr85bd000,77,1,2,3,2551,2546,4318,3481,2543,2546,-4501,2860,0,0,0,0,0,0,0,0,2026-05-16 11:33:20.383623+00:00
276473095pr85bd000,095pr85bd000,77,1,2,3,2551,2546,4318,3481,2543,2546,-4501,2860,0,0,0,0,0,0,0,0,2026-05-16 11:33:33.276473+00:00
106116095pr85bd000,095pr85bd000,77,1,2,3,2551,2546,4318,3481,2543,2546,-4501,2860,0,0,0,0,0,0,0,0,2026-05-16 11:33:42.106116+00:00
899820095pr85bd000,095pr85bd000,77,1,2,3,2551,2546,4318,3481,2543,2546,-4501,2860,0,0,0,0,0,0,0,0,2026-05-16 11:33:52.899820+00:00
991166095pr85bd000,095pr85bd000,77,1,2,3,2551,2546,4318,3481,2543,2546,-4501,2860,0,0,0,0,0,0,0,0,2026-05-16 11:34:02.991166+00:00
75279095pr85bd000,095pr85bd000,77,1,2,3,2551,2546,4318,3481,2543,2546,-4501,2860,0,0,0,0,0,0,0,0,2026-05-16 11:34:13.075279+00:00
464867095pr85bd000,095pr85bd000,77,1,2,3,2551,2546,4318,3481,2543,2546,-4501,2860,0,0,0,0,0,0,0,0,2026-05-16 11:34:22.464867+00:00
769652095pr85bd000,095pr85bd000,77,1,2,3,2551,2546,4318,3481,2543,2546,-4501,2860,0,0,0,0,0,0,0,0,2026-05-16 11:34:32.769652+00:00
817052095pr85bd000,095pr85bd000,77,1,2,3,2551,2546,4318,3481,2543,2546,-4501,2860,0,0,0,0,0,0,0,0,2026-05-16 11:34:42.817052+00:00
715574095pr85bd000,095pr85bd000,77,1,2,3,2551,2546,4318,3481,2543,2546,-4501,2860,0,0,0,0,0,0,0,0,2026-05-16 11:34:53.715574+00:00
979081095pr85bd000,095pr85bd000,77,1,2,3,2551,2546,4318,3481,2543,2546,-4501,2860,0,0,0,0,0,0,0,0,2026-05-16 11:35:02.979081+00:00
410435095pr85bd000,095pr85bd000,77,1,2,3,2551,2546,4318,3481,2543,2546,-4501,2860,0,0,0,0,0,0,0,0,2026-05-16 11:35:11.410435+00:00
227465095pr85bd000,095pr85bd000,77,1,2,3,2551,2546,4318,3481,2543,2546,-4501,2860,0,0,0,0,0,0,0,0,2026-05-16 11:35:22.227465+00:00
353888095pr85bd000,095pr85bd000,77,1,2,3,2551,2546,4318,3481,2543,2546,-4501,2860,0,0,0,0,0,0,0,0,2026-05-16 11:35:33.353888+00:00
522194095pr85bd000,095pr85bd000,77,1,2,3,2551,2546,4318,3481,2543,2546,-4501,2860,0,0,0,0,0,0,0,0,2026-05-16 11:35:40.522194+00:00
957578095pr85bd000,095pr85bd000,77,1,2,3,2551,2546,4318,3481,2543,2546,-4501,2860,0,0,0,0,0,0,0,0,2026-05-16 11:35:52.957578+00:00
881242095pr85bd000,095pr85bd000,77,1,2,3,2551,2546,4318,3481,2543,2546,-4501,2860,0,0,0,0,0,0,0,0,2026-05-16 11:36:02.881242+00:00
127708095pr85bd000,095pr85bd000,77,1,2,3,2551,2546,4318,3481,2543,2546,-4501,2860,0,0,0,0,0,0,0,0,2026-05-16 11:36:12.127708+00:00
298933095pr85bd000,095pr85bd000,77,1,2,3,2551,2546,4318,3481,2543,2546,-4501,2860,0,0,0,0,0,0,0,0,2026-05-16 11:36:23.298933+00:00
375951095pr85bd000,095pr85bd000,77,1,2,3,2551,2546,4318,3481,2543,2546,-4501,2860,0,0,0,0,0,0,0,0,2026-05-16 11:36:33.375951+00:00
657200095pr85bd000,095pr85bd000,77,1,2,3,2551,2546,4318,3481,2543,2546,-4501,2860,0,0,0,0,0,0,0,0,2026-05-16 11:36:43.657200+00:00
544740095pr85bd000,095pr85bd000,77,1,2,3,2551,2546,4318,3481,2543,2546,-4501,2860,0,0,0,0,0,0,0,0,2026-05-16 11:36:52.544740+00:00
68511095pr85bd000,095pr85bd000,77,1,2,3,2551,2546,4318,3481,2543,2546,-4501,2860,0,0,0,0,0,0,0,0,2026-05-16 11:37:04.068511+00:00
153419095pr85bd000,095pr85bd000,77,1,2,3,2551,2546,4318,3481,2543,2546,-4501,2860,0,0,0,0,0,0,0,0,2026-05-16 11:37:13.153419+00:00
919751095pr85bd000,095pr85bd000,77,1,2,3,2551,2546,4318,3481,2543,2546,-4501,2860,0,0,0,0,0,0,0,0,2026-05-16 11:37:22.919751+00:00
694841095pr85bd000,095pr85bd000,77,1,2,3,2551,2546,4318,3481,2543,2546,-4501,2860,0,0,0,0,0,0,0,0,2026-05-16 11:37:33.694841+00:00
639384095pr85bd000,095pr85bd000,77,1,2,3,2551,2546,4318,3481,2543,2546,-4501,2860,0,0,0,0,0,0,0,0,2026-05-16 11:37:41.639384+00:00
681966095pr85bd000,095pr85bd000,77,1,2,3,2551,2546,4318,3481,2543,2546,-4501,2860,0,0,0,0,0,0,0,0,2026-05-16 11:37:51.681966+00:00
972298095pr85bd000,095pr85bd000,77,1,2,3,2551,2546,4318,3481,2543,2546,-4501,2860,0,0,0,0,0,0,0,0,2026-05-16 11:38:01.972298+00:00
139143095pr85bd000,095pr85bd000,77,1,2,3,2551,2546,4318,3481,2543,2546,-4501,2860,0,0,0,0,0,0,0,0,2026-05-16 11:38:14.139143+00:00
857970095pr85bd000,095pr85bd000,77,1,2,3,2551,2546,4318,3481,2543,2546,-4501,2860,0,0,0,0,0,0,0,0,2026-05-16 11:38:22.857970+00:00
563499095pr85bd000,095pr85bd000,77,1,2,3,2551,2546,4318,3481,2543,2546,-4501,2860,0,0,0,0,0,0,0,0,2026-05-16 11:38:30.563499+00:00
487522095pr85bd000,095pr85bd000,77,1,2,3,2551,2546,4318,3481,2543,2546,-4501,2860,0,0,0,0,0,0,0,0,2026-05-16 11:38:42.487522+00:00
614528095pr85bd000,095pr85bd000,77,1,2,3,2551,2546,4318,3481,2543,2546,-4501,2860,0,0,0,0,0,0,0,0,2026-05-16 11:38:52.614528+00:00
232798095pr85bd000,095pr85bd000,77,1,2,3,2551,2546,4318,3481,2543,2546,-4501,2860,0,0,0,0,0,0,0,0,2026-05-16 11:39:03.232798+00:00
118064095pr85bd000,095pr85bd000,77,1,2,3,2551,2546,4318,3481,2543,2546,-4501,2860,0,0,0,0,0,0,0,0,2026-05-16 11:39:13.118064+00:00
156450095pr85bd000,095pr85bd000,77,1,2,3,2551,2546,4318,3481,2543,2546,-4501,2860,0,0,0,0,0,0,0,0,2026-05-16 11:39:22.156450+00:00
577072095pr85bd000,095pr85bd000,77,1,2,3,2551,2546,4318,3481,2543,2546,-4501,2860,0,0,0,0,0,0,0,0,2026-05-16 11:39:32.577072+00:00
558584095pr85bd000,095pr85bd000,77,1,2,3,2551,2546,4318,3481,2543,2546,-4501,2860,0,0,0,0,0,0,0,0,2026-05-16 11:39:42.558584+00:00
648885095pr85bd000,095pr85bd000,77,1,2,3,2551,2546,4318,3481,2543,2546,-4501,2860,0,0,0,0,0,0,0,0,2026-05-16 11:39:52.648885+00:00
940509095pr85bd000,095pr85bd000,77,1,2,3,2551,2546,4318,3481,2543,2546,-4501,2860,0,0,0,0,0,0,0,0,2026-05-16 11:40:02.940509+00:00
1742095pr85bd000,095pr85bd000,77,1,2,3,2551,2546,4318,3481,2543,2546,-4501,2860,0,0,0,0,0,0,0,0,2026-05-16 11:40:13.001742+00:00
443606095pr85bd000,095pr85bd000,77,1,2,3,2551,2546,4318,3481,2543,2546,-4501,2860,0,0,0,0,0,0,0,0,2026-05-16 11:40:23.443606+00:00
345278095pr85bd000,095pr85bd000,77,1,2,3,2551,2546,4318,3481,2543,2546,-4501,2860,0,0,0,0,0,0,0,0,2026-05-16 11:40:32.345278+00:00
437017095pr85bd000,095pr85bd000,77,1,2,3,2551,2546,4318,3481,2543,2546,-4501,2860,0,0,0,0,0,0,0,0,2026-05-16 11:40:42.437017+00:00
152154095pr85bd000,095pr85bd000,77,1,2,3,2551,2546,4318,3481,2543,2546,-4501,2860,0,0,0,0,0,0,0,0,2026-05-16 11:40:51.152154+00:00
984828095pr85bd000,095pr85bd000,77,1,2,3,2551,2546,4318,3481,2543,2546,-4501,2860,0,0,0,0,0,0,0,0,2026-05-16 11:41:02.984828+00:00
